{"chunk_definitions":[{"row":24,"row_count":1,"visible":true,"expansion_state":0,"options":{"engine":"r","label":"unnamed-chunk-38"},"document_id":"292A4C20","chunk_id":"cprsu58osgwdy","chunk_label":"unnamed-chunk-1"},{"row":31,"row_count":1,"visible":true,"expansion_state":0,"options":{"engine":"r","label":"unnamed-chunk-39"},"document_id":"292A4C20","chunk_id":"ccdykek21mxoz","chunk_label":"unnamed-chunk-2"},{"row":52,"row_count":1,"visible":true,"expansion_state":0,"options":{"engine":"r","label":"unnamed-chunk-40"},"document_id":"292A4C20","chunk_id":"ce3z3zvgs9g2g","chunk_label":"unnamed-chunk-3"},{"row":82,"row_count":1,"visible":true,"expansion_state":0,"options":{"engine":"r","label":"unnamed-chunk-41"},"document_id":"292A4C20","chunk_id":"cs442ib589itv","chunk_label":"unnamed-chunk-4"},{"row":143,"row_count":1,"visible":true,"expansion_state":0,"options":{"engine":"r","label":"unnamed-chunk-42"},"document_id":"292A4C20","chunk_id":"csc2il57m8eiv","chunk_label":"unnamed-chunk-5"},{"row":180,"row_count":1,"visible":true,"expansion_state":0,"options":{"engine":"r","label":"unnamed-chunk-43"},"document_id":"292A4C20","chunk_id":"c5rnd65znbsuo","chunk_label":"unnamed-chunk-6"}],"doc_write_time":1681969762}