{"chunk_definitions":[{"row":16,"row_count":1,"visible":true,"expansion_state":0,"options":{"engine":"r","label":"unnamed-chunk-5"},"document_id":"292A4C20","chunk_id":"cprsu58osgwdy","chunk_label":"unnamed-chunk-1"},{"row":22,"row_count":1,"visible":true,"expansion_state":0,"options":{"engine":"r","label":"unnamed-chunk-6"},"document_id":"292A4C20","chunk_id":"ccdykek21mxoz","chunk_label":"unnamed-chunk-2"},{"row":41,"row_count":1,"visible":true,"expansion_state":0,"options":{"engine":"r","label":"unnamed-chunk-7"},"document_id":"292A4C20","chunk_id":"ce3z3zvgs9g2g","chunk_label":"unnamed-chunk-3"},{"row":70,"row_count":1,"visible":true,"expansion_state":0,"options":{"engine":"r","label":"unnamed-chunk-8"},"document_id":"292A4C20","chunk_id":"cs442ib589itv","chunk_label":"unnamed-chunk-4"},{"row":218,"row_count":1,"visible":true,"expansion_state":0,"options":{"engine":"r","label":"unnamed-chunk-12"},"document_id":"292A4C20","chunk_id":"coomlg1eamksv","chunk_label":"unnamed-chunk-8"}],"doc_write_time":1681544146}