{"chunk_definitions":[{"row":24,"row_count":1,"visible":true,"expansion_state":0,"options":{"engine":"r","label":"unnamed-chunk-1"},"document_id":"292A4C20","chunk_id":"cs2ucvnypz7p4","chunk_label":"unnamed-chunk-1"},{"row":31,"row_count":1,"visible":true,"expansion_state":0,"options":{"engine":"r","label":"unnamed-chunk-2"},"document_id":"292A4C20","chunk_id":"ced3cxs4iphze","chunk_label":"unnamed-chunk-2"},{"row":52,"row_count":1,"visible":true,"expansion_state":0,"options":{"engine":"r","label":"unnamed-chunk-3"},"document_id":"292A4C20","chunk_id":"chvnt38zx6vju","chunk_label":"unnamed-chunk-3"},{"row":82,"row_count":1,"visible":true,"expansion_state":0,"options":{"engine":"r","label":"unnamed-chunk-4"},"document_id":"292A4C20","chunk_id":"crvewxsvc97ez","chunk_label":"unnamed-chunk-4"},{"row":143,"row_count":1,"visible":true,"expansion_state":0,"options":{"engine":"r","label":"unnamed-chunk-5"},"document_id":"292A4C20","chunk_id":"coxy5bph06dpe","chunk_label":"unnamed-chunk-5"},{"row":180,"row_count":1,"visible":true,"expansion_state":0,"options":{"engine":"r","label":"unnamed-chunk-6"},"document_id":"292A4C20","chunk_id":"cb53fprtmu379","chunk_label":"unnamed-chunk-6"},{"row":205,"row_count":1,"visible":true,"expansion_state":0,"options":{"engine":"r","label":"unnamed-chunk-7"},"document_id":"292A4C20","chunk_id":"c1826timg9dbo","chunk_label":"unnamed-chunk-7"},{"row":227,"row_count":1,"visible":true,"expansion_state":0,"options":{"engine":"r","label":"unnamed-chunk-8"},"document_id":"292A4C20","chunk_id":"ceajl6bxiedrm","chunk_label":"unnamed-chunk-8"},{"row":352,"row_count":1,"visible":true,"expansion_state":0,"options":{"engine":"r","label":"unnamed-chunk-9"},"document_id":"292A4C20","chunk_id":"caqhahak9e4sd","chunk_label":"unnamed-chunk-9"},{"row":476,"row_count":1,"visible":true,"expansion_state":0,"options":{"engine":"r","label":"unnamed-chunk-10"},"document_id":"292A4C20","chunk_id":"cjd6ztt2hp3vw","chunk_label":"unnamed-chunk-10"},{"row":499,"row_count":1,"visible":true,"expansion_state":0,"options":{"engine":"r","label":"unnamed-chunk-19"},"document_id":"292A4C20","chunk_id":"cmuiuuf6a468t","chunk_label":"unnamed-chunk-11"}],"doc_write_time":1682589907}