"0",""
"0","# Buscando correlaciones importantes (matriz de correlación)"
"0","cor(cleanUsers[, c(""speed"", ""locationX"", ""locationY"")])"
"1","         "
"1","       speed"
"1","   locationX"
"1","  locationY"
"1","
speed    "
"1","  1.00000000"
"1"," -0.03343162"
"1"," 0.09274763"
"1","
locationX"
"1"," -0.03343162"
"1","  1.00000000"
"1"," 0.05489906"
"1","
locationY"
"1","  0.09274763"
"1","  0.05489906"
"1"," 1.00000000"
"1","
"
"0","# Media de la velocidad para cada ubicación."
"0","aggregate(cleanUsers$speed, by = list(cleanUsers$locationX, cleanUsers$locationY), FUN = mean)"
