"0",""
"0",""
"0","# Análisis de correlación"
"0","cor(cleanAlerts[, c(""reportRating"", ""nComments"", ""confidence"")])"
"1","            "
"1"," reportRating"
"1","  nComments"
"1","  confidence"
"1","
reportRating"
"1","   1.00000000"
"1"," 0.02094057"
"1"," -0.03331138"
"1","
nComments   "
"1","   0.02094057"
"1"," 1.00000000"
"1","  0.23265106"
"1","
confidence  "
"1","  -0.03331138"
"1"," 0.23265106"
"1","  1.00000000"
"1","
"
"0","# 10 reportes con mayor cantidad de comentarios"
"0","head(cleanAlerts[order(cleanAlerts$nComments, decreasing = TRUE), ], 10)"
