"0",""
"0","# Análisis de correlación"
"0","cor(cleanJams[, c(""roadType"", ""length"")])"
"1","        "
"1","  roadType"
"1","    length"
"1","
roadType"
"1"," 1.0000000"
"1"," 0.1162103"
"1","
length  "
"1"," 0.1162103"
"1"," 1.0000000"
"1","
"
"0","# Analizámos el porqué de los bloqueos..."
"0","table(cleanJams$blockType)"
"1","
"
"1","              NO_SUBTYPE "
"1","ROAD_CLOSED_CONSTRUCTION "
"1","       ROAD_CLOSED_EVENT "
"1","
"
"1","                       1 "
"1","                       9 "
"1","                      76 "
"1","
"
"0","# Relación entre el largo del tráfico y la severidad"
"0","plot(cleanJams$length, cleanJams$severity, main = ""Relación entre el largo del tráfico y la severidad"", xlab = ""Largo del tráfico"", ylab = ""Severidad"")"
