"0",""
"0",""
"0",""
"0",""
"0","## Graficando descubrimientos de cleanJams"
"0",""
"0",""
"0","# Ponemos atención a la columna severity..."
"0","summary(cleanJams$severity)"
"1","   Min. "
"1","1st Qu. "
"1"," Median "
"1","   Mean "
"1","3rd Qu. "
"1","   Max. "
"1","
"
"1","      5 "
"1","      5 "
"1","      5 "
"1","      5 "
"1","      5 "
"1","      5 "
"1","
"
"0","# Esto sería muy interesante de analizar si tuviéramos más variedad en los datos."
"0",""
"0","# Análisis de la longitud del tráfico, distribución de la variable 'length'."
"0","hist(cleanJams$length, breaks = 20, col = ""blue"")"
