"0",""
"0",""
"0","install.packages(""leaflet"") #1 vez"
"1","Error in "
"1",""
"1","install.packages"
"1",""
"1"," : "
"1",""
"1","Updating loaded packages"
"1",""
"1","
"
"0","library(leaflet)"
"0",""
"0","leaflet(cleanUsers) %>% # TAL VEZ TENGA PROBLEMAS DE VISUALIZACIÓN"
"0","  addTiles() %>%"
"0","  addCircleMarkers("
"0","    lng = ~locationX, "
"0","    lat = ~locationY, "
"0","    radius = ~speed * 10, "
"0","    color = ""gray"", "
"0","    fillOpacity = 0.8,"
"0","    stroke = FALSE"
"0","  )"
